period,status,sex,age,population
2008-06-30,F,female,0-14,436700
2008-06-30,F,female,0-4,146740
2008-06-30,F,female,10-14,148020
2008-06-30,F,female,15-19,156530
2008-06-30,F,female,15-39,745200
2008-06-30,F,female,20-24,144350
2008-06-30,F,female,25-29,137430
2008-06-30,F,female,30-34,142060
2008-06-30,F,female,35-39,164810
2008-06-30,F,female,40-44,163300
2008-06-30,F,female,40-64,700900
2008-06-30,F,female,45-49,164900
2008-06-30,F,female,5-9,141960
2008-06-30,F,female,50-54,141130
2008-06-30,F,female,55-59,123900
2008-06-30,F,female,60-64,107630
2008-06-30,F,female,65-69,84980
2008-06-30,F,female,65+,293600
2008-06-30,F,female,70-74,65270
2008-06-30,F,female,75-79,56030
2008-06-30,F,female,80-84,44640
2008-06-30,F,female,85-89,27940
2008-06-30,F,female,90+,14710
2008-09-30,F,female,0-14,437100
2008-09-30,F,female,0-4,147570
2008-09-30,F,female,10-14,147630
2008-09-30,F,female,15-19,157e3
2008-09-30,F,female,15-39,745500
2008-09-30,F,female,20-24,144690
2008-09-30,F,female,25-29,137780
2008-09-30,F,female,30-34,141380
2008-09-30,F,female,35-39,164650
2008-09-30,F,female,40-44,162950
2008-09-30,F,female,40-64,704100
2008-09-30,F,female,45-49,165700
2008-09-30,F,female,5-9,141930
2008-09-30,F,female,50-54,142200
2008-09-30,F,female,55-59,124470
2008-09-30,F,female,60-64,108810
2008-09-30,F,female,65-69,85620
2008-09-30,F,female,65+,294700
2008-09-30,F,female,70-74,65720
2008-09-30,F,female,75-79,56050
2008-09-30,F,female,80-84,44690
2008-09-30,F,female,85-89,27990
2008-09-30,F,female,90+,14650
2008-12-31,F,female,0-14,437400
2008-12-31,F,female,0-4,148210
2008-12-31,F,female,10-14,146930
2008-12-31,F,female,15-19,156670
2008-12-31,F,female,15-39,745500
2008-12-31,F,female,20-24,144910
2008-12-31,F,female,25-29,138610
2008-12-31,F,female,30-34,141200
2008-12-31,F,female,35-39,164110
2008-12-31,F,female,40-44,163040
2008-12-31,F,female,40-64,707700
2008-12-31,F,female,45-49,166040
2008-12-31,F,female,5-9,142300
2008-12-31,F,female,50-54,143210
2008-12-31,F,female,55-59,124920
2008-12-31,F,female,60-64,110470
2008-12-31,F,female,65-69,86240
2008-12-31,F,female,65+,296400
2008-12-31,F,female,70-74,66480
2008-12-31,F,female,75-79,55900
2008-12-31,F,female,80-84,44750
2008-12-31,F,female,85-89,28320
2008-12-31,F,female,90+,14730
2009-03-31,F,female,0-14,438300
2009-03-31,F,female,0-4,148780
2009-03-31,F,female,10-14,146810
2009-03-31,F,female,15-19,156810
2009-03-31,F,female,15-39,745900
2009-03-31,F,female,20-24,145570
2009-03-31,F,female,25-29,139040
2009-03-31,F,female,30-34,140890
2009-03-31,F,female,35-39,163600
2009-03-31,F,female,40-44,162910
2009-03-31,F,female,40-64,710900
2009-03-31,F,female,45-49,166610
2009-03-31,F,female,5-9,142700
2009-03-31,F,female,50-54,144160
2009-03-31,F,female,55-59,125520
2009-03-31,F,female,60-64,111670
2009-03-31,F,female,65-69,86810
2009-03-31,F,female,65+,298200
2009-03-31,F,female,70-74,67110
2009-03-31,F,female,75-79,55890
2009-03-31,F,female,80-84,44840
2009-03-31,F,female,85-89,28730
2009-03-31,F,female,90+,14840
2009-06-30,F,female,0-14,439100
2009-06-30,F,female,0-4,149420
2009-06-30,F,female,10-14,146990
2009-06-30,F,female,15-19,156720
2009-06-30,F,female,15-39,745e3
2009-06-30,F,female,20-24,145730
2009-06-30,F,female,25-29,139e3
2009-06-30,F,female,30-34,140450
2009-06-30,F,female,35-39,163110
2009-06-30,F,female,40-44,163090
2009-06-30,F,female,40-64,714100
2009-06-30,F,female,45-49,166830
2009-06-30,F,female,5-9,142670
2009-06-30,F,female,50-54,145240
2009-06-30,F,female,55-59,126280
2009-06-30,F,female,60-64,112710
2009-06-30,F,female,65-69,87610
2009-06-30,F,female,65+,299700
2009-06-30,F,female,70-74,67440
2009-06-30,F,female,75-79,55920
2009-06-30,F,female,80-84,44890
2009-06-30,F,female,85-89,28990
2009-06-30,F,female,90+,14850
2009-09-30,F,female,0-14,439900
2009-09-30,F,female,0-4,150430
2009-09-30,F,female,10-14,147030
2009-09-30,F,female,15-19,157120
2009-09-30,F,female,15-39,746500
2009-09-30,F,female,20-24,146790
2009-09-30,F,female,25-29,139760
2009-09-30,F,female,30-34,140320
2009-09-30,F,female,35-39,162470
2009-09-30,F,female,40-44,163350
2009-09-30,F,female,40-64,717900
2009-09-30,F,female,45-49,167220
2009-09-30,F,female,5-9,142420
2009-09-30,F,female,50-54,146380
2009-09-30,F,female,55-59,126860
2009-09-30,F,female,60-64,114090
2009-09-30,F,female,65-69,88030
2009-09-30,F,female,65+,301100
2009-09-30,F,female,70-74,68190
2009-09-30,F,female,75-79,55940
2009-09-30,F,female,80-84,44840
2009-09-30,F,female,85-89,29350
2009-09-30,F,female,90+,14790
2009-12-31,F,female,0-14,440700
2009-12-31,F,female,0-4,151510
2009-12-31,F,female,10-14,147020
2009-12-31,F,female,15-19,156620
2009-12-31,F,female,15-39,747700
2009-12-31,F,female,20-24,147930
2009-12-31,F,female,25-29,140890
2009-12-31,F,female,30-34,140290
2009-12-31,F,female,35-39,161980
2009-12-31,F,female,40-44,163410
2009-12-31,F,female,40-64,721600
2009-12-31,F,female,45-49,167790
2009-12-31,F,female,5-9,142180
2009-12-31,F,female,50-54,147290
2009-12-31,F,female,55-59,127630
2009-12-31,F,female,60-64,115500
2009-12-31,F,female,65-69,88520
2009-12-31,F,female,65+,302900
2009-12-31,F,female,70-74,69130
2009-12-31,F,female,75-79,55860
2009-12-31,F,female,80-84,45010
2009-12-31,F,female,85-89,29390
2009-12-31,F,female,90+,15010
2010-03-31,F,female,0-14,441900
2010-03-31,F,female,0-4,152360
2010-03-31,F,female,10-14,147300
2010-03-31,F,female,15-19,156770
2010-03-31,F,female,15-39,748400
2010-03-31,F,female,20-24,149e3
2010-03-31,F,female,25-29,141190
2010-03-31,F,female,30-34,140150
2010-03-31,F,female,35-39,161290
2010-03-31,F,female,40-44,163820
2010-03-31,F,female,40-64,724800
2010-03-31,F,female,45-49,167540
2010-03-31,F,female,5-9,142190
2010-03-31,F,female,50-54,148460
2010-03-31,F,female,55-59,128220
2010-03-31,F,female,60-64,116740
2010-03-31,F,female,65-69,89240
2010-03-31,F,female,65+,304900
2010-03-31,F,female,70-74,69890
2010-03-31,F,female,75-79,55760
2010-03-31,F,female,80-84,45100
2010-03-31,F,female,85-89,29490
2010-03-31,F,female,90+,15470
2010-06-30,F,female,0-14,442400
2010-06-30,F,female,0-4,152980
2010-06-30,F,female,10-14,147410
2010-06-30,F,female,15-19,156270
2010-06-30,F,female,15-39,746500
2010-06-30,F,female,20-24,149320
2010-06-30,F,female,25-29,140550
2010-06-30,F,female,30-34,139890
2010-06-30,F,female,35-39,160420
2010-06-30,F,female,40-44,163980
2010-06-30,F,female,40-64,727100
2010-06-30,F,female,45-49,167320
2010-06-30,F,female,5-9,142e3
2010-06-30,F,female,50-54,149500
2010-06-30,F,female,55-59,128780
2010-06-30,F,female,60-64,117520
2010-06-30,F,female,65-69,90080
2010-06-30,F,female,65+,307e3
2010-06-30,F,female,70-74,70740
2010-06-30,F,female,75-79,55620
2010-06-30,F,female,80-84,45190
2010-06-30,F,female,85-89,29640
2010-06-30,F,female,90+,15750
2010-09-30,F,female,0-14,443100
2010-09-30,F,female,0-4,153780
2010-09-30,F,female,10-14,147410
2010-09-30,F,female,15-19,156290
2010-09-30,F,female,15-39,746800
2010-09-30,F,female,20-24,150630
2010-09-30,F,female,25-29,140780
2010-09-30,F,female,30-34,139860
2010-09-30,F,female,35-39,159230
2010-09-30,F,female,40-44,164440
2010-09-30,F,female,40-64,730400
2010-09-30,F,female,45-49,167230
2010-09-30,F,female,5-9,141880
2010-09-30,F,female,50-54,150670
2010-09-30,F,female,55-59,129690
2010-09-30,F,female,60-64,118350
2010-09-30,F,female,65-69,90610
2010-09-30,F,female,65+,309e3
2010-09-30,F,female,70-74,72060
2010-09-30,F,female,75-79,55500
2010-09-30,F,female,80-84,45330
2010-09-30,F,female,85-89,29580
2010-09-30,F,female,90+,15940
2010-12-31,F,female,0-14,443400
2010-12-31,F,female,0-4,154280
2010-12-31,F,female,10-14,147360
2010-12-31,F,female,15-19,155330
2010-12-31,F,female,15-39,746300
2010-12-31,F,female,20-24,151650
2010-12-31,F,female,25-29,141370
2010-12-31,F,female,30-34,140370
2010-12-31,F,female,35-39,157570
2010-12-31,F,female,40-44,164860
2010-12-31,F,female,40-64,733900
2010-12-31,F,female,45-49,166920
2010-12-31,F,female,5-9,141740
2010-12-31,F,female,50-54,152010
2010-12-31,F,female,55-59,130300
2010-12-31,F,female,60-64,119770
2010-12-31,F,female,65-69,91090
2010-12-31,F,female,65+,311200
2010-12-31,F,female,70-74,73170
2010-12-31,F,female,75-79,55590
2010-12-31,F,female,80-84,45560
2010-12-31,F,female,85-89,29600
2010-12-31,F,female,90+,16180
2011-03-31,F,female,0-14,443800
2011-03-31,F,female,0-4,154520
2011-03-31,F,female,10-14,147460
2011-03-31,F,female,15-19,155040
2011-03-31,F,female,15-39,745600
2011-03-31,F,female,20-24,152690
2011-03-31,F,female,25-29,141280
2011-03-31,F,female,30-34,140460
2011-03-31,F,female,35-39,156110
2011-03-31,F,female,40-44,165470
2011-03-31,F,female,40-64,736800
2011-03-31,F,female,45-49,166460
2011-03-31,F,female,5-9,141820
2011-03-31,F,female,50-54,152840
2011-03-31,F,female,55-59,131370
2011-03-31,F,female,60-64,120680
2011-03-31,F,female,65-69,91590
2011-03-31,F,female,65+,313e3
2011-03-31,F,female,70-74,73900
2011-03-31,F,female,75-79,55650
2011-03-31,F,female,80-84,45730
2011-03-31,F,female,85-89,29840
2011-03-31,F,female,90+,16320
2011-06-30,F,female,0-14,444e3
2011-06-30,F,female,0-4,154440
2011-06-30,F,female,10-14,147470
2011-06-30,F,female,15-19,154220
2011-06-30,F,female,15-39,742500
2011-06-30,F,female,20-24,152740
2011-06-30,F,female,25-29,140800
2011-06-30,F,female,30-34,14e4
2011-06-30,F,female,35-39,154710
2011-06-30,F,female,40-44,165930
2011-06-30,F,female,40-64,739e3
2011-06-30,F,female,45-49,165720
2011-06-30,F,female,5-9,142060
2011-06-30,F,female,50-54,153890
2011-06-30,F,female,55-59,132270
2011-06-30,F,female,60-64,121240
2011-06-30,F,female,65-69,92280
2011-06-30,F,female,65+,314900
2011-06-30,F,female,70-74,74730
2011-06-30,F,female,75-79,55800
2011-06-30,F,female,80-84,45730
2011-06-30,F,female,85-89,29960
2011-06-30,F,female,90+,16430
2011-09-30,F,female,0-14,443900
2011-09-30,F,female,0-4,154660
2011-09-30,F,female,10-14,147220
2011-09-30,F,female,15-19,154160
2011-09-30,F,female,15-39,742100
2011-09-30,F,female,20-24,153790
2011-09-30,F,female,25-29,140960
2011-09-30,F,female,30-34,140060
2011-09-30,F,female,35-39,153110
2011-09-30,F,female,40-44,166380
2011-09-30,F,female,40-64,741400
2011-09-30,F,female,45-49,165160
2011-09-30,F,female,5-9,142040
2011-09-30,F,female,50-54,155e3
2011-09-30,F,female,55-59,133340
2011-09-30,F,female,60-64,121550
2011-09-30,F,female,65-69,93410
2011-09-30,F,female,65+,317200
2011-09-30,F,female,70-74,75870
2011-09-30,F,female,75-79,55870
2011-09-30,F,female,80-84,45710
2011-09-30,F,female,85-89,29890
2011-09-30,F,female,90+,16460
2011-12-31,F,female,0-14,443400
2011-12-31,F,female,0-4,154300
2011-12-31,F,female,10-14,146880
2011-12-31,F,female,15-19,153540
2011-12-31,F,female,15-39,741200
2011-12-31,F,female,20-24,154280
2011-12-31,F,female,25-29,141420
2011-12-31,F,female,30-34,140160
2011-12-31,F,female,35-39,151780
2011-12-31,F,female,40-44,166600
2011-12-31,F,female,40-64,743300
2011-12-31,F,female,45-49,164920
2011-12-31,F,female,5-9,142190
2011-12-31,F,female,50-54,155860
2011-12-31,F,female,55-59,134380
2011-12-31,F,female,60-64,121550
2011-12-31,F,female,65-69,95080
2011-12-31,F,female,65+,320400
2011-12-31,F,female,70-74,76800
2011-12-31,F,female,75-79,56250
2011-12-31,F,female,80-84,45720
2011-12-31,F,female,85-89,29910
2011-12-31,F,female,90+,16660
2012-03-31,F,female,0-14,443600
2012-03-31,F,female,0-4,154080
2012-03-31,F,female,10-14,146660
2012-03-31,F,female,15-19,153110
2012-03-31,F,female,15-39,740100
2012-03-31,F,female,20-24,154810
2012-03-31,F,female,25-29,141180
2012-03-31,F,female,30-34,140360
2012-03-31,F,female,35-39,150610
2012-03-31,F,female,40-44,166530
2012-03-31,F,female,40-64,744600
2012-03-31,F,female,45-49,164410
2012-03-31,F,female,5-9,142830
2012-03-31,F,female,50-54,156850
2012-03-31,F,female,55-59,135240
2012-03-31,F,female,60-64,121550
2012-03-31,F,female,65-69,96590
2012-03-31,F,female,65+,323600
2012-03-31,F,female,70-74,77730
2012-03-31,F,female,75-79,56570
2012-03-31,F,female,80-84,45700
2012-03-31,F,female,85-89,30060
2012-03-31,F,female,90+,16930
2012-06-30,F,female,0-14,443300
2012-06-30,F,female,0-4,153640
2012-06-30,F,female,10-14,146110
2012-06-30,F,female,15-19,153e3
2012-06-30,F,female,15-39,737300
2012-06-30,F,female,20-24,154300
2012-06-30,F,female,25-29,140570
2012-06-30,F,female,30-34,140280
2012-06-30,F,female,35-39,149150
2012-06-30,F,female,40-44,166740
2012-06-30,F,female,40-64,746400
2012-06-30,F,female,45-49,163590
2012-06-30,F,female,5-9,143580
2012-06-30,F,female,50-54,158090
2012-06-30,F,female,55-59,136040
2012-06-30,F,female,60-64,121900
2012-06-30,F,female,65-69,97740
2012-06-30,F,female,65+,326100
2012-06-30,F,female,70-74,78530
2012-06-30,F,female,75-79,56910
2012-06-30,F,female,80-84,45760
2012-06-30,F,female,85-89,30080
2012-06-30,F,female,90+,17040
2012-09-30,F,female,0-14,443300
2012-09-30,F,female,0-4,153320
2012-09-30,F,female,10-14,145790
2012-09-30,F,female,15-19,153030
2012-09-30,F,female,15-39,737100
2012-09-30,F,female,20-24,154810
2012-09-30,F,female,25-29,140970
2012-09-30,F,female,30-34,140360
2012-09-30,F,female,35-39,147970
2012-09-30,F,female,40-44,166940
2012-09-30,F,female,40-64,748200
2012-09-30,F,female,45-49,163140
2012-09-30,F,female,5-9,144170
2012-09-30,F,female,50-54,158910
2012-09-30,F,female,55-59,137050
2012-09-30,F,female,60-64,122150
2012-09-30,F,female,65-69,99460
2012-09-30,F,female,65+,328500
2012-09-30,F,female,70-74,79100
2012-09-30,F,female,75-79,57210
2012-09-30,F,female,80-84,45710
2012-09-30,F,female,85-89,30020
2012-09-30,F,female,90+,17030
2012-12-31,F,female,0-14,443100
2012-12-31,F,female,0-4,153040
2012-12-31,F,female,10-14,145180
2012-12-31,F,female,15-19,152620
2012-12-31,F,female,15-39,737100
2012-12-31,F,female,20-24,155160
2012-12-31,F,female,25-29,141550
2012-12-31,F,female,30-34,141060
2012-12-31,F,female,35-39,146750
2012-12-31,F,female,40-44,167020
2012-12-31,F,female,40-64,75e4
2012-12-31,F,female,45-49,162670
2012-12-31,F,female,5-9,144920
2012-12-31,F,female,50-54,159820
2012-12-31,F,female,55-59,137830
2012-12-31,F,female,60-64,122670
2012-12-31,F,female,65-69,101530
2012-12-31,F,female,65+,331700
2012-12-31,F,female,70-74,79410
2012-12-31,F,female,75-79,57750
2012-12-31,F,female,80-84,45910
2012-12-31,F,female,85-89,30030
2012-12-31,F,female,90+,17110
2013-03-31,F,female,0-14,443100
2013-03-31,F,female,0-4,152380
2013-03-31,F,female,10-14,144800
2013-03-31,F,female,15-19,152500
2013-03-31,F,female,15-39,737500
2013-03-31,F,female,20-24,155720
2013-03-31,F,female,25-29,141990
2013-03-31,F,female,30-34,141510
2013-03-31,F,female,35-39,145790
2013-03-31,F,female,40-44,166890
2013-03-31,F,female,40-64,751500
2013-03-31,F,female,45-49,162e3
2013-03-31,F,female,5-9,145900
2013-03-31,F,female,50-54,161050
2013-03-31,F,female,55-59,138680
2013-03-31,F,female,60-64,122900
2013-03-31,F,female,65-69,103540
2013-03-31,F,female,65+,334900
2013-03-31,F,female,70-74,79760
2013-03-31,F,female,75-79,57980
2013-03-31,F,female,80-84,46e3
2013-03-31,F,female,85-89,30240
2013-03-31,F,female,90+,17350
2013-06-30,F,female,0-14,442900
2013-06-30,F,female,0-4,151770
2013-06-30,F,female,10-14,144580
2013-06-30,F,female,15-19,152330
2013-06-30,F,female,15-39,736700
2013-06-30,F,female,20-24,155740
2013-06-30,F,female,25-29,142160
2013-06-30,F,female,30-34,141580
2013-06-30,F,female,35-39,144860
2013-06-30,F,female,40-44,166410
2013-06-30,F,female,40-64,753e3
2013-06-30,F,female,45-49,161890
2013-06-30,F,female,5-9,146490
2013-06-30,F,female,50-54,161990
2013-06-30,F,female,55-59,139590
2013-06-30,F,female,60-64,123110
2013-06-30,F,female,65-69,105190
2013-06-30,F,female,65+,337400
2013-06-30,F,female,70-74,8e4
2013-06-30,F,female,75-79,58330
2013-06-30,F,female,80-84,46030
2013-06-30,F,female,85-89,30440
2013-06-30,F,female,90+,17440
2013-09-30,F,female,0-14,442700
2013-09-30,F,female,0-4,151240
2013-09-30,F,female,10-14,144260
2013-09-30,F,female,15-19,152600
2013-09-30,F,female,15-39,739400
2013-09-30,F,female,20-24,156800
2013-09-30,F,female,25-29,143600
2013-09-30,F,female,30-34,142230
2013-09-30,F,female,35-39,144140
2013-09-30,F,female,40-44,166160
2013-09-30,F,female,40-64,754800
2013-09-30,F,female,45-49,161570
2013-09-30,F,female,5-9,147210
2013-09-30,F,female,50-54,162800
2013-09-30,F,female,55-59,140550
2013-09-30,F,female,60-64,123760
2013-09-30,F,female,65-69,106500
2013-09-30,F,female,65+,340300
2013-09-30,F,female,70-74,80700
2013-09-30,F,female,75-79,58830
2013-09-30,F,female,80-84,46200
2013-09-30,F,female,85-89,30490
2013-09-30,F,female,90+,17540
2013-12-31,F,female,0-14,443300
2013-12-31,F,female,0-4,151020
2013-12-31,F,female,10-14,144350
2013-12-31,F,female,15-19,151900
2013-12-31,F,female,15-39,741900
2013-12-31,F,female,20-24,158050
2013-12-31,F,female,25-29,145300
2013-12-31,F,female,30-34,142980
2013-12-31,F,female,35-39,143660
2013-12-31,F,female,40-44,165720
2013-12-31,F,female,40-64,756600
2013-12-31,F,female,45-49,161800
2013-12-31,F,female,5-9,147900
2013-12-31,F,female,50-54,163200
2013-12-31,F,female,55-59,141540
2013-12-31,F,female,60-64,124370
2013-12-31,F,female,65-69,108240
2013-12-31,F,female,65+,343800
2013-12-31,F,female,70-74,81390
2013-12-31,F,female,75-79,59570
2013-12-31,F,female,80-84,46170
2013-12-31,F,female,85-89,30680
2013-12-31,F,female,90+,17770
2014-03-31,F,female,0-14,443900
2014-03-31,F,female,0-4,150850
2014-03-31,F,female,10-14,144620
2014-03-31,F,female,15-19,152120
2014-03-31,F,female,15-39,745300
2014-03-31,F,female,20-24,159180
2014-03-31,F,female,25-29,146920
2014-03-31,F,female,30-34,143750
2014-03-31,F,female,35-39,143330
2014-03-31,F,female,40-44,165330
2014-03-31,F,female,40-64,758400
2014-03-31,F,female,45-49,161690
2014-03-31,F,female,5-9,148430
2014-03-31,F,female,50-54,163730
2014-03-31,F,female,55-59,142580
2014-03-31,F,female,60-64,125040
2014-03-31,F,female,65-69,109500
2014-03-31,F,female,65+,346800
2014-03-31,F,female,70-74,82060
2014-03-31,F,female,75-79,60190
2014-03-31,F,female,80-84,46210
2014-03-31,F,female,85-89,30880
2014-03-31,F,female,90+,18010
2014-06-30,F,female,0-14,444e3
2014-06-30,F,female,0-4,150450
2014-06-30,F,female,10-14,144370
2014-06-30,F,female,15-19,152140
2014-06-30,F,female,15-39,746500
2014-06-30,F,female,20-24,159330
2014-06-30,F,female,25-29,147870
2014-06-30,F,female,30-34,144170
2014-06-30,F,female,35-39,143040
2014-06-30,F,female,40-44,164810
2014-06-30,F,female,40-64,760100
2014-06-30,F,female,45-49,161780
2014-06-30,F,female,5-9,149220
2014-06-30,F,female,50-54,164040
2014-06-30,F,female,55-59,143680
2014-06-30,F,female,60-64,125730
2014-06-30,F,female,65-69,110590
2014-06-30,F,female,65+,349500
2014-06-30,F,female,70-74,82900
2014-06-30,F,female,75-79,60560
2014-06-30,F,female,80-84,46250
2014-06-30,F,female,85-89,31070
2014-06-30,F,female,90+,18150
2014-09-30,F,female,0-14,444e3
2014-09-30,F,female,0-4,149780
2014-09-30,F,female,10-14,143910
2014-09-30,F,female,15-19,152940
2014-09-30,F,female,15-39,751800
2014-09-30,F,female,20-24,160690
2014-09-30,F,female,25-29,150040
2014-09-30,F,female,30-34,145260
2014-09-30,F,female,35-39,142840
2014-09-30,F,female,40-44,164130
2014-09-30,F,female,40-64,761700
2014-09-30,F,female,45-49,162070
2014-09-30,F,female,5-9,150330
2014-09-30,F,female,50-54,164380
2014-09-30,F,female,55-59,144740
2014-09-30,F,female,60-64,126420
2014-09-30,F,female,65-69,111940
2014-09-30,F,female,65+,352100
2014-09-30,F,female,70-74,83360
2014-09-30,F,female,75-79,61330
2014-09-30,F,female,80-84,46220
2014-09-30,F,female,85-89,30980
2014-09-30,F,female,90+,18300
2014-12-31,F,female,0-14,444500
2014-12-31,F,female,0-4,149480
2014-12-31,F,female,10-14,143570
2014-12-31,F,female,15-19,152740
2014-12-31,F,female,15-39,756600
2014-12-31,F,female,20-24,161730
2014-12-31,F,female,25-29,152940
2014-12-31,F,female,30-34,146460
2014-12-31,F,female,35-39,142700
2014-12-31,F,female,40-44,163580
2014-12-31,F,female,40-64,763700
2014-12-31,F,female,45-49,162340
2014-12-31,F,female,5-9,151430
2014-12-31,F,female,50-54,164950
2014-12-31,F,female,55-59,145610
2014-12-31,F,female,60-64,127250
2014-12-31,F,female,65-69,113430
2014-12-31,F,female,65+,355600
2014-12-31,F,female,70-74,83950
2014-12-31,F,female,75-79,62330
2014-12-31,F,female,80-84,46210
2014-12-31,F,female,85-89,31160
2014-12-31,F,female,90+,18470
2015-03-31,F,female,0-14,445100
2015-03-31,F,female,0-4,149060
2015-03-31,F,female,10-14,143610
2015-03-31,F,female,15-19,153370
2015-03-31,F,female,15-39,762400
2015-03-31,F,female,20-24,163270
2015-03-31,F,female,25-29,155300
2015-03-31,F,female,30-34,147570
2015-03-31,F,female,35-39,142870
2015-03-31,F,female,40-44,163060
2015-03-31,F,female,40-64,765300
2015-03-31,F,female,45-49,162860
2015-03-31,F,female,5-9,152420
2015-03-31,F,female,50-54,164770
2015-03-31,F,female,55-59,146730
2015-03-31,F,female,60-64,127840
2015-03-31,F,female,65-69,114660
2015-03-31,F,female,65+,358800
2015-03-31,F,female,70-74,84770
2015-03-31,F,female,75-79,63100
2015-03-31,F,female,80-84,46110
2015-03-31,F,female,85-89,31390
2015-03-31,F,female,90+,18730
2015-06-30,F,female,0-14,445600
2015-06-30,F,female,0-4,148870
2015-06-30,F,female,10-14,143390
2015-06-30,F,female,15-19,153330
2015-06-30,F,female,15-39,764700
2015-06-30,F,female,20-24,163200
2015-06-30,F,female,25-29,156760
2015-06-30,F,female,30-34,148490
2015-06-30,F,female,35-39,142930
2015-06-30,F,female,40-44,162380
2015-06-30,F,female,40-64,766600
2015-06-30,F,female,45-49,163190
2015-06-30,F,female,5-9,153350
2015-06-30,F,female,50-54,164650
2015-06-30,F,female,55-59,147850
2015-06-30,F,female,60-64,128500
2015-06-30,F,female,65-69,115510
2015-06-30,F,female,65+,361600
2015-06-30,F,female,70-74,85620
2015-06-30,F,female,75-79,64010
2015-06-30,F,female,80-84,46030
2015-06-30,F,female,85-89,31500
2015-06-30,F,female,90+,18970
2015-09-30,F,female,0-14,446200
2015-09-30,F,female,0-4,148530
2015-09-30,F,female,10-14,143170
2015-09-30,F,female,15-19,154060
2015-09-30,F,female,15-39,771500
2015-09-30,F,female,20-24,164630
2015-09-30,F,female,25-29,159800
2015-09-30,F,female,30-34,149770
2015-09-30,F,female,35-39,143240
2015-09-30,F,female,40-44,161310
2015-09-30,F,female,40-64,768300
2015-09-30,F,female,45-49,163860
2015-09-30,F,female,5-9,154480
2015-09-30,F,female,50-54,164560
2015-09-30,F,female,55-59,149090
2015-09-30,F,female,60-64,129440
2015-09-30,F,female,65-69,116410
2015-09-30,F,female,65+,364200
2015-09-30,F,female,70-74,86200
2015-09-30,F,female,75-79,65210
2015-09-30,F,female,80-84,45880
2015-09-30,F,female,85-89,31630
2015-09-30,F,female,90+,18850
2015-12-31,F,female,0-14,446800
2015-12-31,F,female,0-4,148500
2015-12-31,F,female,10-14,143e3
2015-12-31,F,female,15-19,153970
2015-12-31,F,female,15-39,778700
2015-12-31,F,female,20-24,165730
2015-12-31,F,female,25-29,163470
2015-12-31,F,female,30-34,151400
2015-12-31,F,female,35-39,144090
2015-12-31,F,female,40-44,159780
2015-12-31,F,female,40-64,769500
2015-12-31,F,female,45-49,164630
2015-12-31,F,female,5-9,155340
2015-12-31,F,female,50-54,164430
2015-12-31,F,female,55-59,150490
2015-12-31,F,female,60-64,130190
2015-12-31,F,female,65-69,117780
2015-12-31,F,female,65+,367700
2015-12-31,F,female,70-74,86750
2015-12-31,F,female,75-79,66350
2015-12-31,F,female,80-84,45980
2015-12-31,F,female,85-89,31820
2015-12-31,F,female,90+,19010
2016-03-31,F,female,0-14,447900
2016-03-31,F,female,0-4,148390
2016-03-31,F,female,10-14,143340
2016-03-31,F,female,15-19,154680
2016-03-31,F,female,15-39,786100
2016-03-31,F,female,20-24,166980
2016-03-31,F,female,25-29,166810
2016-03-31,F,female,30-34,152820
2016-03-31,F,female,35-39,144800
2016-03-31,F,female,40-44,158740
2016-03-31,F,female,40-64,771200
2016-03-31,F,female,45-49,165470
2016-03-31,F,female,5-9,156150
2016-03-31,F,female,50-54,164210
2016-03-31,F,female,55-59,151470
2016-03-31,F,female,60-64,131340
2016-03-31,F,female,65-69,118770
2016-03-31,F,female,65+,370800
2016-03-31,F,female,70-74,87310
2016-03-31,F,female,75-79,67190
2016-03-31,F,female,80-84,46180
2016-03-31,F,female,85-89,32090
2016-03-31,F,female,90+,19320
2016-06-30,F,female,0-14,448900
2016-06-30,F,female,0-4,148330
2016-06-30,F,female,10-14,143850
2016-06-30,F,female,15-19,154530
2016-06-30,F,female,15-39,788900
2016-06-30,F,female,20-24,166630
2016-06-30,F,female,25-29,168410
2016-06-30,F,female,30-34,154190
2016-06-30,F,female,35-39,145160
2016-06-30,F,female,40-44,157590
2016-06-30,F,female,40-64,772800
2016-06-30,F,female,45-49,166350
2016-06-30,F,female,5-9,156690
2016-06-30,F,female,50-54,163710
2016-06-30,F,female,55-59,152710
2016-06-30,F,female,60-64,132410
2016-06-30,F,female,65-69,119340
2016-06-30,F,female,65+,373600
2016-06-30,F,female,70-74,88050
2016-06-30,F,female,75-79,68070
2016-06-30,F,female,80-84,46400
2016-06-30,F,female,85-89,32250
2016-06-30,F,female,90+,19470
2016-09-30,F,female,0-14,450300
2016-09-30,F,female,0-4,148710
2016-09-30,F,female,10-14,144120
2016-09-30,F,female,15-19,154960
2016-09-30,F,female,15-39,795900
2016-09-30,F,female,20-24,167770
2016-09-30,F,female,25-29,171250
2016-09-30,F,female,30-34,155910
2016-09-30,F,female,35-39,145960
2016-09-30,F,female,40-44,156570
2016-09-30,F,female,40-64,774600
2016-09-30,F,female,45-49,167040
2016-09-30,F,female,5-9,157510
2016-09-30,F,female,50-54,163450
2016-09-30,F,female,55-59,153950
2016-09-30,F,female,60-64,133560
2016-09-30,F,female,65-69,119780
2016-09-30,F,female,65+,376500
2016-09-30,F,female,70-74,89210
2016-09-30,F,female,75-79,69200
2016-09-30,F,female,80-84,46550
2016-09-30,F,female,85-89,32260
2016-09-30,F,female,90+,19520
2016-12-31,F,female,0-14,451500
2016-12-31,F,female,0-4,149070
2016-12-31,F,female,10-14,144640
2016-12-31,F,female,15-19,154470
2016-12-31,F,female,15-39,802700
2016-12-31,F,female,20-24,169150
2016-12-31,F,female,25-29,174380
2016-12-31,F,female,30-34,158010
2016-12-31,F,female,35-39,146730
2016-12-31,F,female,40-44,155650
2016-12-31,F,female,40-64,776400
2016-12-31,F,female,45-49,167560
2016-12-31,F,female,5-9,157780
2016-12-31,F,female,50-54,163500
2016-12-31,F,female,55-59,155e3
2016-12-31,F,female,60-64,134720
2016-12-31,F,female,65-69,120060
2016-12-31,F,female,65+,38e4
2016-12-31,F,female,70-74,90900
2016-12-31,F,female,75-79,70180
2016-12-31,F,female,80-84,46830
2016-12-31,F,female,85-89,32330
2016-12-31,F,female,90+,19710
2017-03-31,F,female,0-14,453200
2017-03-31,F,female,0-4,148890
2017-03-31,F,female,10-14,145860
2017-03-31,F,female,15-19,154830
2017-03-31,F,female,15-39,809900
2017-03-31,F,female,20-24,170140
2017-03-31,F,female,25-29,177560
2017-03-31,F,female,30-34,159390
2017-03-31,F,female,35-39,147980
2017-03-31,F,female,40-44,155090
2017-03-31,F,female,40-64,778200
2017-03-31,F,female,45-49,167910
2017-03-31,F,female,5-9,158460
2017-03-31,F,female,50-54,163370
2017-03-31,F,female,55-59,156100
2017-03-31,F,female,60-64,135700
2017-03-31,F,female,65-69,120070
2017-03-31,F,female,65+,383300
2017-03-31,F,female,70-74,92500
2017-03-31,F,female,75-79,71090
2017-03-31,F,female,80-84,47230
2017-03-31,F,female,85-89,32400
2017-03-31,F,female,90+,20020
2017-06-30,F,female,0-14,454700
2017-06-30,F,female,0-4,148900
2017-06-30,F,female,10-14,147040
2017-06-30,F,female,15-19,154030
2017-06-30,F,female,15-39,812600
2017-06-30,F,female,20-24,170200
2017-06-30,F,female,25-29,178800
2017-06-30,F,female,30-34,160770
2017-06-30,F,female,35-39,148790
2017-06-30,F,female,40-44,154130
2017-06-30,F,female,40-64,779300
2017-06-30,F,female,45-49,168370
2017-06-30,F,female,5-9,158770
2017-06-30,F,female,50-54,162860
2017-06-30,F,female,55-59,157370
2017-06-30,F,female,60-64,136600
2017-06-30,F,female,65-69,120490
2017-06-30,F,female,65+,386100
2017-06-30,F,female,70-74,93690
2017-06-30,F,female,75-79,71830
2017-06-30,F,female,80-84,47590
2017-06-30,F,female,85-89,32370
2017-06-30,F,female,90+,20170
2017-09-30,F,female,0-14,456200
2017-09-30,F,female,0-4,148940
2017-09-30,F,female,10-14,148080
2017-09-30,F,female,15-19,154370
2017-09-30,F,female,15-39,818900
2017-09-30,F,female,20-24,170760
2017-09-30,F,female,25-29,180890
2017-09-30,F,female,30-34,163040
2017-09-30,F,female,35-39,149800
2017-09-30,F,female,40-44,153330
2017-09-30,F,female,40-64,780700
2017-09-30,F,female,45-49,168820
2017-09-30,F,female,5-9,159190
2017-09-30,F,female,50-54,162580
2017-09-30,F,female,55-59,158230
2017-09-30,F,female,60-64,137700
2017-09-30,F,female,65-69,120840
2017-09-30,F,female,65+,388700
2017-09-30,F,female,70-74,95310
2017-09-30,F,female,75-79,72430
2017-09-30,F,female,80-84,47760
2017-09-30,F,female,85-89,32310
2017-09-30,F,female,90+,20020
2017-12-31,F,female,0-14,457700
2017-12-31,F,female,0-4,148920
2017-12-31,F,female,10-14,149180
2017-12-31,F,female,15-19,153650
2017-12-31,F,female,15-39,825100
2017-12-31,F,female,20-24,171640
2017-12-31,F,female,25-29,183520
2017-12-31,F,female,30-34,164970
2017-12-31,F,female,35-39,151360
2017-12-31,F,female,40-44,152370
2017-12-31,F,female,40-64,782e3
2017-12-31,F,female,45-49,169280
2017-12-31,F,female,5-9,159560
2017-12-31,F,female,50-54,162360
2017-12-31,F,female,55-59,159310
2017-12-31,F,female,60-64,138680
2017-12-31,F,female,65-69,121350
2017-12-31,F,female,65+,392500
2017-12-31,F,female,70-74,97290
2017-12-31,F,female,75-79,72740
2017-12-31,F,female,80-84,48410
2017-12-31,F,female,85-89,32530
2017-12-31,F,female,90+,20150
2018-03-31,F,female,0-14,459300
2018-03-31,F,female,0-4,149030
2018-03-31,F,female,10-14,150780
2018-03-31,F,female,15-19,153640
2018-03-31,F,female,15-39,831600
2018-03-31,F,female,20-24,172390
2018-03-31,F,female,25-29,185700
2018-03-31,F,female,30-34,167160
2018-03-31,F,female,35-39,152750
2018-03-31,F,female,40-44,151790
2018-03-31,F,female,40-64,783400
2018-03-31,F,female,45-49,169430
2018-03-31,F,female,5-9,159480
2018-03-31,F,female,50-54,161890
2018-03-31,F,female,55-59,160690
2018-03-31,F,female,60-64,139590
2018-03-31,F,female,65-69,121710
2018-03-31,F,female,65+,395800
2018-03-31,F,female,70-74,99270
2018-03-31,F,female,75-79,73060
2018-03-31,F,female,80-84,48660
2018-03-31,F,female,85-89,32720
2018-03-31,F,female,90+,20390
2018-06-30,P,female,0-14,460100
2018-06-30,P,female,0-4,149020
2018-06-30,P,female,10-14,151740
2018-06-30,P,female,15-19,153090
2018-06-30,P,female,15-39,833500
2018-06-30,P,female,20-24,171820
2018-06-30,P,female,25-29,186200
2018-06-30,P,female,30-34,168800
2018-06-30,P,female,35-39,153560
2018-06-30,P,female,40-44,151060
2018-06-30,P,female,40-64,784600
2018-06-30,P,female,45-49,169240
2018-06-30,P,female,5-9,159330
2018-06-30,P,female,50-54,161960
2018-06-30,P,female,55-59,161720
2018-06-30,P,female,60-64,140600
2018-06-30,P,female,65-69,121850
2018-06-30,P,female,65+,398400
2018-06-30,P,female,70-74,100890
2018-06-30,P,female,75-79,73290
2018-06-30,P,female,80-84,49090
2018-06-30,P,female,85-89,32730
2018-06-30,P,female,90+,20500
2008-06-30,F,male,0-14,458800
2008-06-30,F,male,0-4,154290
2008-06-30,F,male,10-14,155530
2008-06-30,F,male,15-19,160500
2008-06-30,F,male,15-39,715200
2008-06-30,F,male,20-24,144390
2008-06-30,F,male,25-29,131140
2008-06-30,F,male,30-34,129840
2008-06-30,F,male,35-39,149370
2008-06-30,F,male,40-44,151770
2008-06-30,F,male,40-64,667900
2008-06-30,F,male,45-49,155460
2008-06-30,F,male,5-9,148990
2008-06-30,F,male,50-54,135790
2008-06-30,F,male,55-59,120640
2008-06-30,F,male,60-64,104250
2008-06-30,F,male,65-69,80610
2008-06-30,F,male,65+,241500
2008-06-30,F,male,70-74,59950
2008-06-30,F,male,75-79,47910
2008-06-30,F,male,80-84,32460
2008-06-30,F,male,85-89,15080
2008-06-30,F,male,90+,5460
2008-09-30,F,male,0-14,459400
2008-09-30,F,male,0-4,155270
2008-09-30,F,male,10-14,155230
2008-09-30,F,male,15-19,160750
2008-09-30,F,male,15-39,715300
2008-09-30,F,male,20-24,144950
2008-09-30,F,male,25-29,131530
2008-09-30,F,male,30-34,129340
2008-09-30,F,male,35-39,148760
2008-09-30,F,male,40-44,151380
2008-09-30,F,male,40-64,670300
2008-09-30,F,male,45-49,155870
2008-09-30,F,male,5-9,148940
2008-09-30,F,male,50-54,136840
2008-09-30,F,male,55-59,120830
2008-09-30,F,male,60-64,105370
2008-09-30,F,male,65-69,81430
2008-09-30,F,male,65+,243e3
2008-09-30,F,male,70-74,60490
2008-09-30,F,male,75-79,47730
2008-09-30,F,male,80-84,32680
2008-09-30,F,male,85-89,15250
2008-09-30,F,male,90+,5450
2008-12-31,F,male,0-14,46e4
2008-12-31,F,male,0-4,156140
2008-12-31,F,male,10-14,154760
2008-12-31,F,male,15-19,160210
2008-12-31,F,male,15-39,715200
2008-12-31,F,male,20-24,145130
2008-12-31,F,male,25-29,132600
2008-12-31,F,male,30-34,128920
2008-12-31,F,male,35-39,148340
2008-12-31,F,male,40-44,151190
2008-12-31,F,male,40-64,673100
2008-12-31,F,male,45-49,156080
2008-12-31,F,male,5-9,149070
2008-12-31,F,male,50-54,137850
2008-12-31,F,male,55-59,121150
2008-12-31,F,male,60-64,106880
2008-12-31,F,male,65-69,82080
2008-12-31,F,male,65+,244900
2008-12-31,F,male,70-74,61070
2008-12-31,F,male,75-79,47760
2008-12-31,F,male,80-84,32970
2008-12-31,F,male,85-89,15500
2008-12-31,F,male,90+,5540
2009-03-31,F,male,0-14,461e3
2009-03-31,F,male,0-4,157120
2009-03-31,F,male,10-14,154610
2009-03-31,F,male,15-19,160490
2009-03-31,F,male,15-39,716700
2009-03-31,F,male,20-24,146260
2009-03-31,F,male,25-29,133320
2009-03-31,F,male,30-34,128680
2009-03-31,F,male,35-39,147930
2009-03-31,F,male,40-44,151010
2009-03-31,F,male,40-64,675700
2009-03-31,F,male,45-49,156490
2009-03-31,F,male,5-9,149320
2009-03-31,F,male,50-54,138440
2009-03-31,F,male,55-59,121640
2009-03-31,F,male,60-64,108080
2009-03-31,F,male,65-69,82810
2009-03-31,F,male,65+,246800
2009-03-31,F,male,70-74,61400
2009-03-31,F,male,75-79,47880
2009-03-31,F,male,80-84,33280
2009-03-31,F,male,85-89,15840
2009-03-31,F,male,90+,5630
2009-06-30,F,male,0-14,462100
2009-06-30,F,male,0-4,157790
2009-06-30,F,male,10-14,154880
2009-06-30,F,male,15-19,160290
2009-06-30,F,male,15-39,716e3
2009-06-30,F,male,20-24,146620
2009-06-30,F,male,25-29,133210
2009-06-30,F,male,30-34,128470
2009-06-30,F,male,35-39,147380
2009-06-30,F,male,40-44,150640
2009-06-30,F,male,40-64,678e3
2009-06-30,F,male,45-49,156820
2009-06-30,F,male,5-9,149410
2009-06-30,F,male,50-54,139360
2009-06-30,F,male,55-59,122030
2009-06-30,F,male,60-64,109120
2009-06-30,F,male,65-69,83710
2009-06-30,F,male,65+,248600
2009-06-30,F,male,70-74,61680
2009-06-30,F,male,75-79,47930
2009-06-30,F,male,80-84,33530
2009-06-30,F,male,85-89,16150
2009-06-30,F,male,90+,5640
2009-09-30,F,male,0-14,463300
2009-09-30,F,male,0-4,158700
2009-09-30,F,male,10-14,155050
2009-09-30,F,male,15-19,160640
2009-09-30,F,male,15-39,717400
2009-09-30,F,male,20-24,148090
2009-09-30,F,male,25-29,133660
2009-09-30,F,male,30-34,128460
2009-09-30,F,male,35-39,146560
2009-09-30,F,male,40-44,150690
2009-09-30,F,male,40-64,680900
2009-09-30,F,male,45-49,157060
2009-09-30,F,male,5-9,149550
2009-09-30,F,male,50-54,140200
2009-09-30,F,male,55-59,122520
2009-09-30,F,male,60-64,110400
2009-09-30,F,male,65-69,84180
2009-09-30,F,male,65+,250400
2009-09-30,F,male,70-74,62410
2009-09-30,F,male,75-79,48070
2009-09-30,F,male,80-84,33620
2009-09-30,F,male,85-89,16500
2009-09-30,F,male,90+,5560
2009-12-31,F,male,0-14,464300
2009-12-31,F,male,0-4,159750
2009-12-31,F,male,10-14,155220
2009-12-31,F,male,15-19,160280
2009-12-31,F,male,15-39,718700
2009-12-31,F,male,20-24,149060
2009-12-31,F,male,25-29,134950
2009-12-31,F,male,30-34,128370
2009-12-31,F,male,35-39,146030
2009-12-31,F,male,40-44,150850
2009-12-31,F,male,40-64,684e3
2009-12-31,F,male,45-49,157140
2009-12-31,F,male,5-9,149340
2009-12-31,F,male,50-54,141060
2009-12-31,F,male,55-59,123030
2009-12-31,F,male,60-64,111880
2009-12-31,F,male,65-69,84520
2009-12-31,F,male,65+,252200
2009-12-31,F,male,70-74,63170
2009-12-31,F,male,75-79,48310
2009-12-31,F,male,80-84,33860
2009-12-31,F,male,85-89,16650
2009-12-31,F,male,90+,5700
2010-03-31,F,male,0-14,465100
2010-03-31,F,male,0-4,160530
2010-03-31,F,male,10-14,155320
2010-03-31,F,male,15-19,161030
2010-03-31,F,male,15-39,720200
2010-03-31,F,male,20-24,150320
2010-03-31,F,male,25-29,135230
2010-03-31,F,male,30-34,128180
2010-03-31,F,male,35-39,145420
2010-03-31,F,male,40-44,150890
2010-03-31,F,male,40-64,686200
2010-03-31,F,male,45-49,156910
2010-03-31,F,male,5-9,149230
2010-03-31,F,male,50-54,141880
2010-03-31,F,male,55-59,123480
2010-03-31,F,male,60-64,112990
2010-03-31,F,male,65-69,85190
2010-03-31,F,male,65+,254300
2010-03-31,F,male,70-74,63770
2010-03-31,F,male,75-79,48390
2010-03-31,F,male,80-84,34110
2010-03-31,F,male,85-89,16900
2010-03-31,F,male,90+,5920
2010-06-30,F,male,0-14,465700
2010-06-30,F,male,0-4,161370
2010-06-30,F,male,10-14,155590
2010-06-30,F,male,15-19,160860
2010-06-30,F,male,15-39,718200
2010-06-30,F,male,20-24,150440
2010-06-30,F,male,25-29,134490
2010-06-30,F,male,30-34,127860
2010-06-30,F,male,35-39,144520
2010-06-30,F,male,40-44,150360
2010-06-30,F,male,40-64,687300
2010-06-30,F,male,45-49,156600
2010-06-30,F,male,5-9,148790
2010-06-30,F,male,50-54,142810
2010-06-30,F,male,55-59,123940
2010-06-30,F,male,60-64,113630
2010-06-30,F,male,65-69,85880
2010-06-30,F,male,65+,256500
2010-06-30,F,male,70-74,64810
2010-06-30,F,male,75-79,48400
2010-06-30,F,male,80-84,34240
2010-06-30,F,male,85-89,17040
2010-06-30,F,male,90+,6100
2010-09-30,F,male,0-14,466300
2010-09-30,F,male,0-4,161960
2010-09-30,F,male,10-14,155660
2010-09-30,F,male,15-19,161050
2010-09-30,F,male,15-39,719100
2010-09-30,F,male,20-24,152060
2010-09-30,F,male,25-29,134640
2010-09-30,F,male,30-34,127920
2010-09-30,F,male,35-39,143440
2010-09-30,F,male,40-44,150310
2010-09-30,F,male,40-64,689500
2010-09-30,F,male,45-49,156330
2010-09-30,F,male,5-9,148680
2010-09-30,F,male,50-54,143810
2010-09-30,F,male,55-59,124590
2010-09-30,F,male,60-64,114430
2010-09-30,F,male,65-69,86360
2010-09-30,F,male,65+,258500
2010-09-30,F,male,70-74,65940
2010-09-30,F,male,75-79,48390
2010-09-30,F,male,80-84,34570
2010-09-30,F,male,85-89,17100
2010-09-30,F,male,90+,6180
2010-12-31,F,male,0-14,466700
2010-12-31,F,male,0-4,162560
2010-12-31,F,male,10-14,155570
2010-12-31,F,male,15-19,160500
2010-12-31,F,male,15-39,719500
2010-12-31,F,male,20-24,153130
2010-12-31,F,male,25-29,135290
2010-12-31,F,male,30-34,128240
2010-12-31,F,male,35-39,142300
2010-12-31,F,male,40-44,150640
2010-12-31,F,male,40-64,692200
2010-12-31,F,male,45-49,155990
2010-12-31,F,male,5-9,148600
2010-12-31,F,male,50-54,144770
2010-12-31,F,male,55-59,125120
2010-12-31,F,male,60-64,115660
2010-12-31,F,male,65-69,86720
2010-12-31,F,male,65+,260800
2010-12-31,F,male,70-74,67070
2010-12-31,F,male,75-79,48380
2010-12-31,F,male,80-84,34870
2010-12-31,F,male,85-89,17420
2010-12-31,F,male,90+,6350
2011-03-31,F,male,0-14,466800
2011-03-31,F,male,0-4,163050
2011-03-31,F,male,10-14,155400
2011-03-31,F,male,15-19,160710
2011-03-31,F,male,15-39,719500
2011-03-31,F,male,20-24,154410
2011-03-31,F,male,25-29,134910
2011-03-31,F,male,30-34,128470
2011-03-31,F,male,35-39,140980
2011-03-31,F,male,40-44,150700
2011-03-31,F,male,40-64,693900
2011-03-31,F,male,45-49,155630
2011-03-31,F,male,5-9,148380
2011-03-31,F,male,50-54,145220
2011-03-31,F,male,55-59,125870
2011-03-31,F,male,60-64,116530
2011-03-31,F,male,65-69,87350
2011-03-31,F,male,65+,263e3
2011-03-31,F,male,70-74,67880
2011-03-31,F,male,75-79,48500
2011-03-31,F,male,80-84,35140
2011-03-31,F,male,85-89,17660
2011-03-31,F,male,90+,6480
2011-06-30,F,male,0-14,466700
2011-06-30,F,male,0-4,163020
2011-06-30,F,male,10-14,155210
2011-06-30,F,male,15-19,160330
2011-06-30,F,male,15-39,716700
2011-06-30,F,male,20-24,154490
2011-06-30,F,male,25-29,134090
2011-06-30,F,male,30-34,128120
2011-06-30,F,male,35-39,139650
2011-06-30,F,male,40-44,150700
2011-06-30,F,male,40-64,695e3
2011-06-30,F,male,45-49,154850
2011-06-30,F,male,5-9,148500
2011-06-30,F,male,50-54,145790
2011-06-30,F,male,55-59,126520
2011-06-30,F,male,60-64,117170
2011-06-30,F,male,65-69,88050
2011-06-30,F,male,65+,265100
2011-06-30,F,male,70-74,68790
2011-06-30,F,male,75-79,48530
2011-06-30,F,male,80-84,35350
2011-06-30,F,male,85-89,17850
2011-06-30,F,male,90+,6550
2011-09-30,F,male,0-14,466800
2011-09-30,F,male,0-4,163170
2011-09-30,F,male,10-14,154830
2011-09-30,F,male,15-19,160500
2011-09-30,F,male,15-39,716600
2011-09-30,F,male,20-24,155590
2011-09-30,F,male,25-29,134120
2011-09-30,F,male,30-34,128080
2011-09-30,F,male,35-39,138350
2011-09-30,F,male,40-44,150900
2011-09-30,F,male,40-64,696300
2011-09-30,F,male,45-49,154120
2011-09-30,F,male,5-9,148750
2011-09-30,F,male,50-54,146500
2011-09-30,F,male,55-59,127380
2011-09-30,F,male,60-64,117390
2011-09-30,F,male,65-69,89250
2011-09-30,F,male,65+,267700
2011-09-30,F,male,70-74,69630
2011-09-30,F,male,75-79,48720
2011-09-30,F,male,80-84,35550
2011-09-30,F,male,85-89,17910
2011-09-30,F,male,90+,6640
2011-12-31,F,male,0-14,466500
2011-12-31,F,male,0-4,163040
2011-12-31,F,male,10-14,154450
2011-12-31,F,male,15-19,159920
2011-12-31,F,male,15-39,716200
2011-12-31,F,male,20-24,156120
2011-12-31,F,male,25-29,134730
2011-12-31,F,male,30-34,128070
2011-12-31,F,male,35-39,137390
2011-12-31,F,male,40-44,150830
2011-12-31,F,male,40-64,697400
2011-12-31,F,male,45-49,153860
2011-12-31,F,male,5-9,148970
2011-12-31,F,male,50-54,146990
2011-12-31,F,male,55-59,128280
2011-12-31,F,male,60-64,117400
2011-12-31,F,male,65-69,90830
2011-12-31,F,male,65+,271100
2011-12-31,F,male,70-74,70700
2011-12-31,F,male,75-79,48960
2011-12-31,F,male,80-84,35670
2011-12-31,F,male,85-89,18160
2011-12-31,F,male,90+,6760
2012-03-31,F,male,0-14,466800
2012-03-31,F,male,0-4,162710
2012-03-31,F,male,10-14,154300
2012-03-31,F,male,15-19,159700
2012-03-31,F,male,15-39,715600
2012-03-31,F,male,20-24,157020
2012-03-31,F,male,25-29,134690
2012-03-31,F,male,30-34,128120
2012-03-31,F,male,35-39,136060
2012-03-31,F,male,40-44,151050
2012-03-31,F,male,40-64,697900
2012-03-31,F,male,45-49,152890
2012-03-31,F,male,5-9,149800
2012-03-31,F,male,50-54,147960
2012-03-31,F,male,55-59,128780
2012-03-31,F,male,60-64,117270
2012-03-31,F,male,65-69,92190
2012-03-31,F,male,65+,274300
2012-03-31,F,male,70-74,71700
2012-03-31,F,male,75-79,49160
2012-03-31,F,male,80-84,35820
2012-03-31,F,male,85-89,18480
2012-03-31,F,male,90+,6950
2012-06-30,F,male,0-14,466500
2012-06-30,F,male,0-4,162090
2012-06-30,F,male,10-14,153890
2012-06-30,F,male,15-19,159840
2012-06-30,F,male,15-39,713200
2012-06-30,F,male,20-24,156360
2012-06-30,F,male,25-29,133950
2012-06-30,F,male,30-34,128030
2012-06-30,F,male,35-39,134990
2012-06-30,F,male,40-44,150950
2012-06-30,F,male,40-64,698400
2012-06-30,F,male,45-49,151930
2012-06-30,F,male,5-9,150520
2012-06-30,F,male,50-54,148750
2012-06-30,F,male,55-59,129380
2012-06-30,F,male,60-64,117370
2012-06-30,F,male,65-69,93450
2012-06-30,F,male,65+,276900
2012-06-30,F,male,70-74,72480
2012-06-30,F,male,75-79,49340
2012-06-30,F,male,80-84,35970
2012-06-30,F,male,85-89,18680
2012-06-30,F,male,90+,7010
2012-09-30,F,male,0-14,466400
2012-09-30,F,male,0-4,161600
2012-09-30,F,male,10-14,153390
2012-09-30,F,male,15-19,159960
2012-09-30,F,male,15-39,713200
2012-09-30,F,male,20-24,157160
2012-09-30,F,male,25-29,134020
2012-09-30,F,male,30-34,128430
2012-09-30,F,male,35-39,133630
2012-09-30,F,male,40-44,150880
2012-09-30,F,male,40-64,699300
2012-09-30,F,male,45-49,151410
2012-09-30,F,male,5-9,151380
2012-09-30,F,male,50-54,149370
2012-09-30,F,male,55-59,130100
2012-09-30,F,male,60-64,117580
2012-09-30,F,male,65-69,94990
2012-09-30,F,male,65+,279600
2012-09-30,F,male,70-74,73160
2012-09-30,F,male,75-79,49630
2012-09-30,F,male,80-84,36010
2012-09-30,F,male,85-89,18740
2012-09-30,F,male,90+,7070
2012-12-31,F,male,0-14,466300
2012-12-31,F,male,0-4,161520
2012-12-31,F,male,10-14,152710
2012-12-31,F,male,15-19,159810
2012-12-31,F,male,15-39,714200
2012-12-31,F,male,20-24,157650
2012-12-31,F,male,25-29,134850
2012-12-31,F,male,30-34,129070
2012-12-31,F,male,35-39,132830
2012-12-31,F,male,40-44,150780
2012-12-31,F,male,40-64,700500
2012-12-31,F,male,45-49,151080
2012-12-31,F,male,5-9,152070
2012-12-31,F,male,50-54,150070
2012-12-31,F,male,55-59,130720
2012-12-31,F,male,60-64,117850
2012-12-31,F,male,65-69,96950
2012-12-31,F,male,65+,282800
2012-12-31,F,male,70-74,73520
2012-12-31,F,male,75-79,50140
2012-12-31,F,male,80-84,36060
2012-12-31,F,male,85-89,19030
2012-12-31,F,male,90+,7130
2013-03-31,F,male,0-14,466300
2013-03-31,F,male,0-4,160980
2013-03-31,F,male,10-14,152560
2013-03-31,F,male,15-19,160100
2013-03-31,F,male,15-39,715600
2013-03-31,F,male,20-24,158640
2013-03-31,F,male,25-29,135210
2013-03-31,F,male,30-34,129530
2013-03-31,F,male,35-39,132150
2013-03-31,F,male,40-44,150610
2013-03-31,F,male,40-64,701200
2013-03-31,F,male,45-49,150470
2013-03-31,F,male,5-9,152740
2013-03-31,F,male,50-54,150790
2013-03-31,F,male,55-59,131530
2013-03-31,F,male,60-64,117810
2013-03-31,F,male,65-69,98970
2013-03-31,F,male,65+,285900
2013-03-31,F,male,70-74,73680
2013-03-31,F,male,75-79,50600
2013-03-31,F,male,80-84,36070
2013-03-31,F,male,85-89,19290
2013-03-31,F,male,90+,7300
2013-06-30,F,male,0-14,465900
2013-06-30,F,male,0-4,160150
2013-06-30,F,male,10-14,152180
2013-06-30,F,male,15-19,160150
2013-06-30,F,male,15-39,715700
2013-06-30,F,male,20-24,159180
2013-06-30,F,male,25-29,135330
2013-06-30,F,male,30-34,129510
2013-06-30,F,male,35-39,131500
2013-06-30,F,male,40-44,150170
2013-06-30,F,male,40-64,702e3
2013-06-30,F,male,45-49,150100
2013-06-30,F,male,5-9,153570
2013-06-30,F,male,50-54,151680
2013-06-30,F,male,55-59,132170
2013-06-30,F,male,60-64,117900
2013-06-30,F,male,65-69,100570
2013-06-30,F,male,65+,288600
2013-06-30,F,male,70-74,74040
2013-06-30,F,male,75-79,51010
2013-06-30,F,male,80-84,36100
2013-06-30,F,male,85-89,19340
2013-06-30,F,male,90+,7500
2013-09-30,F,male,0-14,466e3
2013-09-30,F,male,0-4,159600
2013-09-30,F,male,10-14,151790
2013-09-30,F,male,15-19,160610
2013-09-30,F,male,15-39,72e4
2013-09-30,F,male,20-24,160780
2013-09-30,F,male,25-29,137180
2013-09-30,F,male,30-34,130530
2013-09-30,F,male,35-39,130940
2013-09-30,F,male,40-44,149620
2013-09-30,F,male,40-64,703100
2013-09-30,F,male,45-49,149840
2013-09-30,F,male,5-9,154570
2013-09-30,F,male,50-54,152110
2013-09-30,F,male,55-59,133250
2013-09-30,F,male,60-64,118300
2013-09-30,F,male,65-69,101730
2013-09-30,F,male,65+,291400
2013-09-30,F,male,70-74,74900
2013-09-30,F,male,75-79,51510
2013-09-30,F,male,80-84,36110
2013-09-30,F,male,85-89,19550
2013-09-30,F,male,90+,7600
2013-12-31,F,male,0-14,466200
2013-12-31,F,male,0-4,159130
2013-12-31,F,male,10-14,151610
2013-12-31,F,male,15-19,160360
2013-12-31,F,male,15-39,724600
2013-12-31,F,male,20-24,162550
2013-12-31,F,male,25-29,139580
2013-12-31,F,male,30-34,131670
2013-12-31,F,male,35-39,130420
2013-12-31,F,male,40-44,149350
2013-12-31,F,male,40-64,704500
2013-12-31,F,male,45-49,149710
2013-12-31,F,male,5-9,155440
2013-12-31,F,male,50-54,152480
2013-12-31,F,male,55-59,134300
2013-12-31,F,male,60-64,118630
2013-12-31,F,male,65-69,103420
2013-12-31,F,male,65+,295e3
2013-12-31,F,male,70-74,75560
2013-12-31,F,male,75-79,52140
2013-12-31,F,male,80-84,36250
2013-12-31,F,male,85-89,19880
2013-12-31,F,male,90+,7760
2014-03-31,F,male,0-14,466700
2014-03-31,F,male,0-4,158510
2014-03-31,F,male,10-14,151670
2014-03-31,F,male,15-19,161070
2014-03-31,F,male,15-39,730700
2014-03-31,F,male,20-24,164850
2014-03-31,F,male,25-29,141800
2014-03-31,F,male,30-34,132920
2014-03-31,F,male,35-39,130010
2014-03-31,F,male,40-44,149210
2014-03-31,F,male,40-64,706e3
2014-03-31,F,male,45-49,149660
2014-03-31,F,male,5-9,156530
2014-03-31,F,male,50-54,153060
2014-03-31,F,male,55-59,134950
2014-03-31,F,male,60-64,119130
2014-03-31,F,male,65-69,104600
2014-03-31,F,male,65+,298200
2014-03-31,F,male,70-74,76360
2014-03-31,F,male,75-79,52600
2014-03-31,F,male,80-84,36430
2014-03-31,F,male,85-89,20190
2014-03-31,F,male,90+,7990
2014-06-30,F,male,0-14,467100
2014-06-30,F,male,0-4,158360
2014-06-30,F,male,10-14,151460
2014-06-30,F,male,15-19,161440
2014-06-30,F,male,15-39,734600
2014-06-30,F,male,20-24,166320
2014-06-30,F,male,25-29,143380
2014-06-30,F,male,30-34,133470
2014-06-30,F,male,35-39,129980
2014-06-30,F,male,40-44,148830
2014-06-30,F,male,40-64,707100
2014-06-30,F,male,45-49,149510
2014-06-30,F,male,5-9,157230
2014-06-30,F,male,50-54,153370
2014-06-30,F,male,55-59,135850
2014-06-30,F,male,60-64,119500
2014-06-30,F,male,65-69,105690
2014-06-30,F,male,65+,300900
2014-06-30,F,male,70-74,77250
2014-06-30,F,male,75-79,52980
2014-06-30,F,male,80-84,36510
2014-06-30,F,male,85-89,20400
2014-06-30,F,male,90+,8070
2014-09-30,F,male,0-14,467300
2014-09-30,F,male,0-4,157860
2014-09-30,F,male,10-14,151220
2014-09-30,F,male,15-19,162460
2014-09-30,F,male,15-39,742700
2014-09-30,F,male,20-24,168900
2014-09-30,F,male,25-29,146590
2014-09-30,F,male,30-34,134580
2014-09-30,F,male,35-39,130170
2014-09-30,F,male,40-44,148170
2014-09-30,F,male,40-64,708200
2014-09-30,F,male,45-49,149650
2014-09-30,F,male,5-9,158220
2014-09-30,F,male,50-54,153650
2014-09-30,F,male,55-59,136670
2014-09-30,F,male,60-64,120060
2014-09-30,F,male,65-69,107e3
2014-09-30,F,male,65+,303700
2014-09-30,F,male,70-74,77800
2014-09-30,F,male,75-79,53630
2014-09-30,F,male,80-84,36660
2014-09-30,F,male,85-89,20490
2014-09-30,F,male,90+,8120
2014-12-31,F,male,0-14,467700
2014-12-31,F,male,0-4,157650
2014-12-31,F,male,10-14,150720
2014-12-31,F,male,15-19,162610
2014-12-31,F,male,15-39,75e4
2014-12-31,F,male,20-24,171190
2014-12-31,F,male,25-29,149920
2014-12-31,F,male,30-34,136080
2014-12-31,F,male,35-39,130190
2014-12-31,F,male,40-44,147720
2014-12-31,F,male,40-64,709700
2014-12-31,F,male,45-49,149910
2014-12-31,F,male,5-9,159330
2014-12-31,F,male,50-54,153980
2014-12-31,F,male,55-59,137500
2014-12-31,F,male,60-64,120590
2014-12-31,F,male,65-69,108430
2014-12-31,F,male,65+,306900
2014-12-31,F,male,70-74,78140
2014-12-31,F,male,75-79,54500
2014-12-31,F,male,80-84,36920
2014-12-31,F,male,85-89,20650
2014-12-31,F,male,90+,8220
2015-03-31,F,male,0-14,468400
2015-03-31,F,male,0-4,157370
2015-03-31,F,male,10-14,150590
2015-03-31,F,male,15-19,163490
2015-03-31,F,male,15-39,759300
2015-03-31,F,male,20-24,174550
2015-03-31,F,male,25-29,153290
2015-03-31,F,male,30-34,137470
2015-03-31,F,male,35-39,130470
2015-03-31,F,male,40-44,147340
2015-03-31,F,male,40-64,711e3
2015-03-31,F,male,45-49,150200
2015-03-31,F,male,5-9,160390
2015-03-31,F,male,50-54,153900
2015-03-31,F,male,55-59,138430
2015-03-31,F,male,60-64,121100
2015-03-31,F,male,65-69,109560
2015-03-31,F,male,65+,309900
2015-03-31,F,male,70-74,78840
2015-03-31,F,male,75-79,55110
2015-03-31,F,male,80-84,37120
2015-03-31,F,male,85-89,20860
2015-03-31,F,male,90+,8440
2015-06-30,F,male,0-14,468700
2015-06-30,F,male,0-4,156870
2015-06-30,F,male,10-14,150090
2015-06-30,F,male,15-19,163470
2015-06-30,F,male,15-39,763800
2015-06-30,F,male,20-24,175450
2015-06-30,F,male,25-29,155560
2015-06-30,F,male,30-34,138500
2015-06-30,F,male,35-39,130850
2015-06-30,F,male,40-44,146870
2015-06-30,F,male,40-64,711900
2015-06-30,F,male,45-49,150060
2015-06-30,F,male,5-9,161780
2015-06-30,F,male,50-54,153890
2015-06-30,F,male,55-59,139450
2015-06-30,F,male,60-64,121650
2015-06-30,F,male,65-69,110220
2015-06-30,F,male,65+,312700
2015-06-30,F,male,70-74,79580
2015-06-30,F,male,75-79,56080
2015-06-30,F,male,80-84,37210
2015-06-30,F,male,85-89,20990
2015-06-30,F,male,90+,8610
2015-09-30,F,male,0-14,469200
2015-09-30,F,male,0-4,156530
2015-09-30,F,male,10-14,149850
2015-09-30,F,male,15-19,164020
2015-09-30,F,male,15-39,772800
2015-09-30,F,male,20-24,177680
2015-09-30,F,male,25-29,159320
2015-09-30,F,male,30-34,140120
2015-09-30,F,male,35-39,131610
2015-09-30,F,male,40-44,146120
2015-09-30,F,male,40-64,713200
2015-09-30,F,male,45-49,150390
2015-09-30,F,male,5-9,162860
2015-09-30,F,male,50-54,153800
2015-09-30,F,male,55-59,140560
2015-09-30,F,male,60-64,122350
2015-09-30,F,male,65-69,111110
2015-09-30,F,male,65+,315200
2015-09-30,F,male,70-74,80060
2015-09-30,F,male,75-79,57060
2015-09-30,F,male,80-84,37200
2015-09-30,F,male,85-89,21190
2015-09-30,F,male,90+,8620
2015-12-31,F,male,0-14,470100
2015-12-31,F,male,0-4,156410
2015-12-31,F,male,10-14,149800
2015-12-31,F,male,15-19,163790
2015-12-31,F,male,15-39,781200
2015-12-31,F,male,20-24,179600
2015-12-31,F,male,25-29,163590
2015-12-31,F,male,30-34,141940
2015-12-31,F,male,35-39,132270
2015-12-31,F,male,40-44,145290
2015-12-31,F,male,40-64,714600
2015-12-31,F,male,45-49,150990
2015-12-31,F,male,5-9,163890
2015-12-31,F,male,50-54,153720
2015-12-31,F,male,55-59,141660
2015-12-31,F,male,60-64,122960
2015-12-31,F,male,65-69,112390
2015-12-31,F,male,65+,318700
2015-12-31,F,male,70-74,80440
2015-12-31,F,male,75-79,58160
2015-12-31,F,male,80-84,37290
2015-12-31,F,male,85-89,21570
2015-12-31,F,male,90+,8830
2016-03-31,F,male,0-14,471500
2016-03-31,F,male,0-4,156410
2016-03-31,F,male,10-14,150030
2016-03-31,F,male,15-19,164300
2016-03-31,F,male,15-39,790400
2016-03-31,F,male,20-24,181880
2016-03-31,F,male,25-29,167450
2016-03-31,F,male,30-34,143590
2016-03-31,F,male,35-39,133190
2016-03-31,F,male,40-44,144590
2016-03-31,F,male,40-64,716e3
2016-03-31,F,male,45-49,151530
2016-03-31,F,male,5-9,165010
2016-03-31,F,male,50-54,153650
2016-03-31,F,male,55-59,142300
2016-03-31,F,male,60-64,123910
2016-03-31,F,male,65-69,113320
2016-03-31,F,male,65+,322e3
2016-03-31,F,male,70-74,81150
2016-03-31,F,male,75-79,58990
2016-03-31,F,male,80-84,37550
2016-03-31,F,male,85-89,21900
2016-03-31,F,male,90+,9050
2016-06-30,F,male,0-14,472800
2016-06-30,F,male,0-4,156690
2016-06-30,F,male,10-14,150480
2016-06-30,F,male,15-19,163850
2016-06-30,F,male,15-39,794500
2016-06-30,F,male,20-24,182170
2016-06-30,F,male,25-29,169830
2016-06-30,F,male,30-34,144780
2016-06-30,F,male,35-39,133860
2016-06-30,F,male,40-44,143920
2016-06-30,F,male,40-64,717e3
2016-06-30,F,male,45-49,151990
2016-06-30,F,male,5-9,165580
2016-06-30,F,male,50-54,153200
2016-06-30,F,male,55-59,143250
2016-06-30,F,male,60-64,124650
2016-06-30,F,male,65-69,114020
2016-06-30,F,male,65+,324800
2016-06-30,F,male,70-74,81910
2016-06-30,F,male,75-79,59890
2016-06-30,F,male,80-84,37680
2016-06-30,F,male,85-89,22140
2016-06-30,F,male,90+,9190
2016-09-30,F,male,0-14,474200
2016-09-30,F,male,0-4,156640
2016-09-30,F,male,10-14,151100
2016-09-30,F,male,15-19,163790
2016-09-30,F,male,15-39,802100
2016-09-30,F,male,20-24,183550
2016-09-30,F,male,25-29,173300
2016-09-30,F,male,30-34,146680
2016-09-30,F,male,35-39,134760
2016-09-30,F,male,40-44,143270
2016-09-30,F,male,40-64,718600
2016-09-30,F,male,45-49,152550
2016-09-30,F,male,5-9,166460
2016-09-30,F,male,50-54,152910
2016-09-30,F,male,55-59,144190
2016-09-30,F,male,60-64,125660
2016-09-30,F,male,65-69,114330
2016-09-30,F,male,65+,327700
2016-09-30,F,male,70-74,83120
2016-09-30,F,male,75-79,60760
2016-09-30,F,male,80-84,37870
2016-09-30,F,male,85-89,22300
2016-09-30,F,male,90+,9280
2016-12-31,F,male,0-14,475700
2016-12-31,F,male,0-4,157020
2016-12-31,F,male,10-14,151740
2016-12-31,F,male,15-19,162900
2016-12-31,F,male,15-39,809400
2016-12-31,F,male,20-24,184590
2016-12-31,F,male,25-29,177340
2016-12-31,F,male,30-34,149210
2016-12-31,F,male,35-39,135390
2016-12-31,F,male,40-44,142710
2016-12-31,F,male,40-64,720300
2016-12-31,F,male,45-49,153020
2016-12-31,F,male,5-9,166970
2016-12-31,F,male,50-54,152900
2016-12-31,F,male,55-59,144880
2016-12-31,F,male,60-64,126740
2016-12-31,F,male,65-69,114420
2016-12-31,F,male,65+,331100
2016-12-31,F,male,70-74,84800
2016-12-31,F,male,75-79,61790
2016-12-31,F,male,80-84,38180
2016-12-31,F,male,85-89,22430
2016-12-31,F,male,90+,9500
2017-03-31,F,male,0-14,477700
2017-03-31,F,male,0-4,157030
2017-03-31,F,male,10-14,153160
2017-03-31,F,male,15-19,163180
2017-03-31,F,male,15-39,818200
2017-03-31,F,male,20-24,185470
2017-03-31,F,male,25-29,181320
2017-03-31,F,male,30-34,151540
2017-03-31,F,male,35-39,136720
2017-03-31,F,male,40-44,142100
2017-03-31,F,male,40-64,721900
2017-03-31,F,male,45-49,153800
2017-03-31,F,male,5-9,167500
2017-03-31,F,male,50-54,152360
2017-03-31,F,male,55-59,146150
2017-03-31,F,male,60-64,127490
2017-03-31,F,male,65-69,114370
2017-03-31,F,male,65+,334200
2017-03-31,F,male,70-74,86290
2017-03-31,F,male,75-79,62700
2017-03-31,F,male,80-84,38410
2017-03-31,F,male,85-89,22640
2017-03-31,F,male,90+,9740
2017-06-30,F,male,0-14,479e3
2017-06-30,F,male,0-4,157080
2017-06-30,F,male,10-14,154320
2017-06-30,F,male,15-19,162480
2017-06-30,F,male,15-39,822300
2017-06-30,F,male,20-24,185620
2017-06-30,F,male,25-29,183060
2017-06-30,F,male,30-34,153310
2017-06-30,F,male,35-39,137820
2017-06-30,F,male,40-44,141580
2017-06-30,F,male,40-64,722900
2017-06-30,F,male,45-49,154250
2017-06-30,F,male,5-9,167580
2017-06-30,F,male,50-54,151690
2017-06-30,F,male,55-59,147130
2017-06-30,F,male,60-64,128250
2017-06-30,F,male,65-69,114570
2017-06-30,F,male,65+,336900
2017-06-30,F,male,70-74,87580
2017-06-30,F,male,75-79,63460
2017-06-30,F,male,80-84,38650
2017-06-30,F,male,85-89,22770
2017-06-30,F,male,90+,9910
2017-09-30,F,male,0-14,480600
2017-09-30,F,male,0-4,157100
2017-09-30,F,male,10-14,155670
2017-09-30,F,male,15-19,162350
2017-09-30,F,male,15-39,829200
2017-09-30,F,male,20-24,185840
2017-09-30,F,male,25-29,186100
2017-09-30,F,male,30-34,155290
2017-09-30,F,male,35-39,139660
2017-09-30,F,male,40-44,140780
2017-09-30,F,male,40-64,724100
2017-09-30,F,male,45-49,154680
2017-09-30,F,male,5-9,167830
2017-09-30,F,male,50-54,151560
2017-09-30,F,male,55-59,147940
2017-09-30,F,male,60-64,129090
2017-09-30,F,male,65-69,114820
2017-09-30,F,male,65+,339500
2017-09-30,F,male,70-74,89060
2017-09-30,F,male,75-79,64120
2017-09-30,F,male,80-84,38880
2017-09-30,F,male,85-89,22740
2017-09-30,F,male,90+,9930
2017-12-31,F,male,0-14,482100
2017-12-31,F,male,0-4,157030
2017-12-31,F,male,10-14,156770
2017-12-31,F,male,15-19,161420
2017-12-31,F,male,15-39,836400
2017-12-31,F,male,20-24,186480
2017-12-31,F,male,25-29,189590
2017-12-31,F,male,30-34,157620
2017-12-31,F,male,35-39,141300
2017-12-31,F,male,40-44,140330
2017-12-31,F,male,40-64,725700
2017-12-31,F,male,45-49,155060
2017-12-31,F,male,5-9,168300
2017-12-31,F,male,50-54,151430
2017-12-31,F,male,55-59,148990
2017-12-31,F,male,60-64,129850
2017-12-31,F,male,65-69,115190
2017-12-31,F,male,65+,343e3
2017-12-31,F,male,70-74,90930
2017-12-31,F,male,75-79,64460
2017-12-31,F,male,80-84,39400
2017-12-31,F,male,85-89,22820
2017-12-31,F,male,90+,10160
2018-03-31,F,male,0-14,483700
2018-03-31,F,male,0-4,157250
2018-03-31,F,male,10-14,158080
2018-03-31,F,male,15-19,161710
2018-03-31,F,male,15-39,844400
2018-03-31,F,male,20-24,187220
2018-03-31,F,male,25-29,192600
2018-03-31,F,male,30-34,159840
2018-03-31,F,male,35-39,143010
2018-03-31,F,male,40-44,140260
2018-03-31,F,male,40-64,727400
2018-03-31,F,male,45-49,155340
2018-03-31,F,male,5-9,168370
2018-03-31,F,male,50-54,151190
2018-03-31,F,male,55-59,149900
2018-03-31,F,male,60-64,130740
2018-03-31,F,male,65-69,115200
2018-03-31,F,male,65+,346e3
2018-03-31,F,male,70-74,92880
2018-03-31,F,male,75-79,64680
2018-03-31,F,male,80-84,39920
2018-03-31,F,male,85-89,22910
2018-03-31,F,male,90+,10420
2018-06-30,P,male,0-14,484500
2018-06-30,P,male,0-4,157370
2018-06-30,P,male,10-14,159200
2018-06-30,P,male,15-19,161060
2018-06-30,P,male,15-39,847400
2018-06-30,P,male,20-24,186440
2018-06-30,P,male,25-29,193850
2018-06-30,P,male,30-34,161920
2018-06-30,P,male,35-39,144100
2018-06-30,P,male,40-44,140060
2018-06-30,P,male,40-64,728500
2018-06-30,P,male,45-49,155190
2018-06-30,P,male,5-9,167910
2018-06-30,P,male,50-54,150970
2018-06-30,P,male,55-59,150880
2018-06-30,P,male,60-64,131400
2018-06-30,P,male,65-69,115320
2018-06-30,P,male,65+,348500
2018-06-30,P,male,70-74,94430
2018-06-30,P,male,75-79,65040
2018-06-30,P,male,80-84,40270
2018-06-30,P,male,85-89,22960
2018-06-30,P,male,90+,10480